{
    "Materials": [
        {
            "Metallic": {
                "Platinum": [
                    [
                        0.8352941274642944, 
                        0.8156862854957581, 
                        0.7843137383460999
                    ], 
                    [
                        1.0, 
                        1.0, 
                        1.0
                    ], 
                    [
                        0.949999988079071, 
                        0.949999988079071, 
                        0.949999988079071
                    ]
                ], 
                "Copper": [
                    [
                        0.9803921580314636, 
                        0.7450980544090271, 
                        0.6274510025978088
                    ], 
                    [
                        1.0, 
                        1.0, 
                        1.0
                    ], 
                    [
                        0.949999988079071, 
                        0.949999988079071, 
                        0.949999988079071
                    ]
                ], 
                "Aluminium": [
                    [
                        0.9607843160629272, 
                        0.9647058844566345, 
                        0.9647058844566345
                    ], 
                    [
                        1.0, 
                        1.0, 
                        1.0
                    ], 
                    [
                        0.949999988079071, 
                        0.949999988079071, 
                        0.949999988079071
                    ]
                ], 
                "Gold": [
                    [
                        0.9607843160629272, 
                        0.843137264251709, 
                        0.4745098054409027
                    ], 
                    [
                        1.0, 
                        1.0, 
                        1.0
                    ], 
                    [
                        0.949999988079071, 
                        0.949999988079071, 
                        0.949999988079071
                    ]
                ], 
                "Iron": [
                    [
                        0.7686274647712708, 
                        0.7803921699523926, 
                        0.7803921699523926
                    ], 
                    [
                        1.0, 
                        1.0, 
                        1.0
                    ], 
                    [
                        0.949999988079071, 
                        0.949999988079071, 
                        0.949999988079071
                    ]
                ], 
                "Brass": [
                    [
                        0.9803921580314636, 
                        0.9019607901573181, 
                        0.5882353186607361
                    ], 
                    [
                        1.0, 
                        1.0, 
                        1.0
                    ], 
                    [
                        0.949999988079071, 
                        0.949999988079071, 
                        0.949999988079071
                    ]
                ], 
                "Silver": [
                    [
                        0.9882352948188782, 
                        0.9803921580314636, 
                        0.9607843160629272
                    ], 
                    [
                        1.0, 
                        1.0, 
                        1.0
                    ], 
                    [
                        0.949999988079071, 
                        0.949999988079071, 
                        0.949999988079071
                    ]
                ]
            }
        }, 
        {
            "NonMetallic": {
                "Coal": [
                    [
                        0.19607843458652496, 
                        0.19607843458652496, 
                        0.19607843458652496
                    ], 
                    [
                        0.0, 
                        0.0, 
                        0.0
                    ], 
                    [
                        0.30000001192092896, 
                        0.30000001192092896, 
                        0.30000001192092896
                    ]
                ], 
                "Concrete": [
                    [
                        0.753000020980835, 
                        0.7490844130516052, 
                        0.7334219813346863
                    ], 
                    [
                        0.0, 
                        0.0, 
                        0.0
                    ], 
                    [
                        0.10000000149011612, 
                        0.10000000149011612, 
                        0.10000000149011612
                    ]
                ], 
                "Rubber": [
                    [
                        0.20800000429153442, 
                        0.20800000429153442, 
                        0.20800000429153442
                    ], 
                    [
                        0.0, 
                        0.0, 
                        0.0
                    ], 
                    [
                        0.10000000149011612, 
                        0.10000000149011612, 
                        0.10000000149011612
                    ]
                ], 
                "Mud": [
                    [
                        0.3330000042915344, 
                        0.2388719916343689, 
                        0.19180800020694733
                    ], 
                    [
                        0.0, 
                        0.0, 
                        0.0
                    ], 
                    [
                        0.699999988079071, 
                        0.699999988079071, 
                        0.699999988079071
                    ]
                ], 
                "Wood": [
                    [
                        0.6669999957084656, 
                        0.6001598238945007, 
                        0.5175920128822327
                    ], 
                    [
                        0.0, 
                        0.0, 
                        0.0
                    ], 
                    [
                        0.699999988079071, 
                        0.699999988079071, 
                        0.699999988079071
                    ]
                ], 
                "Brick": [
                    [
                        0.5799999833106995, 
                        0.49006280303001404, 
                        0.4587799906730652
                    ], 
                    [
                        0.0, 
                        0.0, 
                        0.0
                    ], 
                    [
                        0.05000000074505806, 
                        0.05000000074505806, 
                        0.05000000074505806
                    ]
                ], 
                "Grass": [
                    [
                        0.4825381636619568, 
                        0.5099999904632568, 
                        0.3059999942779541
                    ], 
                    [
                        0.0, 
                        0.0, 
                        0.0
                    ], 
                    [
                        0.5, 
                        0.5, 
                        0.5
                    ]
                ]
            }
        }
    ]
}