{
    "Palettes": [
        {
            "Artsy": {
                "PinkandGreenNeon": [
                    [
                        1, 
                        0, 
                        0.403921604156494
                    ], 
                    [
                        0.337254911661148, 
                        1, 
                        0
                    ], 
                    [
                        0.61176472902298, 
                        1, 
                        0
                    ], 
                    [
                        0.90588241815567, 
                        1, 
                        0.0156862754374743
                    ], 
                    [
                        1, 
                        0.239215701818466, 
                        0.415686309337616
                    ]
                ], 
                "YellowandBlue": [
                    [
                        0.882352948188782, 
                        0.763511717319489, 
                        0.211764723062515
                    ], 
                    [
                        1, 
                        0.917647123336792, 
                        0.105882361531258
                    ], 
                    [
                        0.435294151306152, 
                        0.894117712974548, 
                        0.854902029037476
                    ], 
                    [
                        0.113725498318672, 
                        0.690196096897125, 
                        0.737254917621613
                    ], 
                    [
                        0, 
                        0.48235297203064, 
                        0.737254917621613
                    ]
                ], 
                "Pastels": [
                    [
                        0.537254929542542, 
                        0.545098066329956, 
                        0.69803923368454
                    ], 
                    [
                        1, 
                        0.549019634723663, 
                        0.470588266849518
                    ], 
                    [
                        1, 
                        0.839215755462646, 
                        0.38039219379425
                    ], 
                    [
                        1, 
                        0.94901967048645, 
                        0.709803938865662
                    ], 
                    [
                        0.552941203117371, 
                        0.839215755462646, 
                        0.713725507259369
                    ]
                ], 
                "Vintage": [
                    [
                        0.43921571969986, 
                        0.188235312700272, 
                        0.188235312700272
                    ], 
                    [
                        0.184313729405403, 
                        0.203921586275101, 
                        0.231372565031052
                    ], 
                    [
                        0.494117677211761, 
                        0.509803950786591, 
                        0.478431403636932
                    ], 
                    [
                        0.386792480945587, 
                        0.136836960911751, 
                        0.136836960911751
                    ], 
                    [
                        0.780392229557037, 
                        0.474509835243225, 
                        0.400000035762787
                    ]
                ], 
                "Tank": [
                    [
                        0.337254911661148, 
                        0.360784322023392, 
                        0.137254908680916
                    ], 
                    [
                        0.670588254928589, 
                        0.552941203117371, 
                        0.301960796117783
                    ], 
                    [
                        0.858823597431183, 
                        0.670588254928589, 
                        0.403921604156494
                    ], 
                    [
                        0.258823543787003, 
                        0.200000017881393, 
                        0.14509804546833
                    ], 
                    [
                        0.172549024224281, 
                        0.188235312700272, 
                        0.0862745121121407
                    ]
                ], 
                "Blues": [
                    [
                        0.0588235333561897, 
                        0.176470592617989, 
                        0.250980406999588
                    ], 
                    [
                        0.0980392247438431, 
                        0.278431385755539, 
                        0.34901961684227
                    ], 
                    [
                        0.847058892250061, 
                        0.94901967048645, 
                        0.941176533699036
                    ], 
                    [
                        0.160784319043159, 
                        0.419607877731323, 
                        0.450980424880981
                    ], 
                    [
                        0.243137270212173, 
                        0.549019634723663, 
                        0.517647087574005
                    ]
                ], 
                "Oranges": [
                    [
                        0.972549080848694, 
                        0.427451014518738, 
                        0.125490203499794
                    ], 
                    [
                        0.941176533699036, 
                        0.192156881093979, 
                        0.0274509824812412
                    ], 
                    [
                        0.756862819194794, 
                        0.00784313771873713, 
                        0.00784313771873713
                    ], 
                    [
                        0.450980424880981, 
                        0, 
                        0
                    ], 
                    [
                        0.258823543787003, 
                        0, 
                        0
                    ]
                ], 
                "Green": [
                    [
                        0.25, 
                        1, 
                        0
                    ], 
                    [
                        0.47853296995163, 
                        0.852999985218048, 
                        0.67082804441452
                    ], 
                    [
                        0.779451727867126, 
                        1, 
                        0.140999972820282
                    ], 
                    [
                        0.374849498271942, 
                        0.612999975681305, 
                        0.136698991060257
                    ], 
                    [
                        0.0368000008165836, 
                        0.319999992847443, 
                        0.0788977220654488
                    ]
                ],